feedback_id,product,platform,market,source_type,source_name,source_url,review_or_post_date,access_date,star_rating,review_title,review_text_or_paraphrase,language,journey_stage,theme,subtheme,sentiment,severity,evidence_type,likely_locus,user_segment,category,impact_signal,requested_change,privacy_redacted,analyst_notes
AMZ-0001,Amazon India,iOS App Store,India,App Store review,Apple App Store,https://apps.apple.com/in/app/amazon-india-shop-pay-minitv/id1478350915,2026-04-22,2026-08-09,1,Worst Customer Service,"Bulk order for an event was reduced to one item, then cancelled after repeated assurances; reviewer reported no usable resolution.",English,Delivery,Delivery reliability,Bulk-order fulfilment,Negative,Critical,Direct user account,Service/support,Event or bulk buyer,General merchandise,Missed event and loss of trust,"Show quantity confirmation, cancellation reason, and escalation path.",Yes,"Public review; paraphrased to reduce quotation and personal-data risk."
AMZ-0002,Amazon India,iOS App Store,India,App Store review,Apple App Store,https://apps.apple.com/in/app/amazon-india-shop-pay-minitv/id1478350915,2024-10-05,2026-08-09,1,Worst App and service,"Order was marked delivered or handed to someone, but reviewer said it was not received; support did not resolve the case.",English,Delivery,Delivery reliability,False delivery state,Negative,Critical,Direct user account,Service/support,Household buyer,General merchandise,Financial loss and trust erosion,"Require verifiable handoff evidence and make non-receipt escalation visible.",Yes,"Public review; exact identity omitted."
AMZ-0003,Amazon India,iOS App Store,India,App Store review,Apple App Store,https://apps.apple.com/in/app/amazon-india-shop-pay-minitv/id1478350915,,2026-08-09,1,The worst service delivery platform,"Reviewer described repeated delivery-agent uncertainty, poor support visibility, and repeated instructions to wait.",English,Delivery,Delivery reliability,Tracking/contactability,Negative,High,Direct user account,Service/support,Frequent buyer,General merchandise,Repeated effort and frustration,"Expose delivery contact/status confidence and a clear escalation SLA.",Yes,"Review date shown as 23 May; year not reliably available in captured page."
AMZ-0004,Amazon India,iOS App Store,India,App Store review,Apple App Store,https://apps.apple.com/in/app/amazon-india-shop-pay-minitv/id1478350915,2024-12-20,2026-08-09,1,A Disappointing Experience with Serious Flaws,"Reviewer said sort and filter choices did not produce the expected product order or filtering.",English,Discovery,Search and browse,Sort/filter reliability,Negative,High,Direct user account,App/product,Intent-driven shopper,General merchandise,Wasted time and reduced confidence,"Add filter-result verification and preserve selected criteria.",Yes,"Public review; platform behavior is user-reported and needs reproduction."
AMZ-0005,Amazon India,iOS App Store,India,App Store review,Apple App Store,https://apps.apple.com/in/app/amazon-india-shop-pay-minitv/id1478350915,2024-08-24,2026-08-09,,Issue with undelivered orders,"Reviewer praised general service and returns for damaged/unwanted items, but reported no direct path when an order was not delivered and the app showed a questionable handoff.",English,Delivery,Delivery reliability,Non-delivery escalation,Mixed,High,Direct user account,Service/support,General buyer,General merchandise,Positive return experience undermined by exception handling,"Provide a dedicated non-delivery workflow with one-to-one support.",Yes,"Mixed evidence: strength and pain point in the same review."
AMZ-0006,Amazon India,Android,India,Third-party review aggregation,Chrome-Stats,https://chrome-stats.com/d/in.amazon.mShop.android.shopping/reviews,,2026-08-09,,Aggregate review summary,"Aggregator summary reports generally positive usability and product sentiment, with recurring complaints about crashes, unreliable delivery tracking, slow refunds, inconsistent support, and high prices.",English,Multiple,App stability,Aggregate themes,Negative,High,Aggregated secondary summary,Unknown,Multiple segments,Multiple categories,Directional theme signal only,"Validate each theme against primary reviews and product analytics.",Yes,"Not treated as a raw individual review."
AMZ-0007,Amazon India,Android,India,Google Play listing,Google Play,https://play.google.com/store/apps/details?hl=en-US&id=in.amazon.mShop.android.shopping,,2026-08-09,4.4,App listing rating and scale,"Google Play listing exposes a very large rating base and current app metadata; exact count and rating should be recorded during Stage 1 capture.",English,Multiple,Convenience and selection,Scale signal,Positive,Low,Platform metadata,App/product,Multiple segments,Multiple categories,Large sample opportunity,"Capture locale-specific count and version metadata.",Yes,"Metadata/context record, not an individual review."
AMZ-0008,Amazon India,iOS App Store,India,App Store listing,Apple App Store,https://apps.apple.com/in/app/amazon-india-shop-pay-minitv/id1478350915,,2026-08-09,4.6,App listing rating and scale,"India App Store listing describes broad selection, Amazon Pay/UPI, COD, order tracking, returns, and customer support; it displays a large rating base.",English,Multiple,Convenience and selection,Capability promise,Positive,Low,Platform metadata,App/product,Multiple segments,Multiple categories,Strong capability proposition,"Compare capability promise with experience themes.",Yes,"Product description is not equivalent to user evidence."
AMZ-0009,Amazon India,Reddit,India,Community post,Reddit r/amazonindia,https://www.reddit.com/r/amazonindia/comments/1uf3isq/amazon_india_fails_when_others_assure_delivery/,,2026-08-09,,Delivery failure discussion,"Post calls for better delivery management, customer support, and refund policies after service failures.",English,Delivery,Delivery reliability,Promise versus outcome,Negative,High,Opinion and account narrative,Service/support,Frequent buyer,General merchandise,Churn and trust risk,"Make delivery promise confidence and compensation rules clearer.",Yes,"Relative publication timing shown as last month; exact date not captured."
AMZ-0010,Amazon India,Reddit,India,Community post,Reddit r/amazonindia,https://www.reddit.com/r/amazonindia/comments/1s7v80q/rant_on_amazon_customer_service_issue/,,2026-08-09,,Refund and support issue,"Post describes an order marked out for delivery followed by refund messaging and difficulty reaching a human support path.",English,Post-purchase,Support access and consistency,Exception resolution,Negative,High,Opinion and account narrative,Service/support,General buyer,General merchandise,Repeated contact effort,"Make human escalation and refund status explicit.",Yes,"Relative publication timing shown as four months ago."
AMZ-0011,Amazon India,Reddit,India,Community post,Reddit r/amazonindia,https://www.reddit.com/r/amazonindia/comments/1vgypx3/amazon_customer_care_suggested_me_not_to_buy_prime_membership_anymore/,,2026-08-09,,Prime and delivery reliability,"Post links Prime dissatisfaction to repeated stuck, rejected, or payment-not-ready orders and a shift toward cash on delivery.",English,Delivery,Delivery reliability,Prime value,Negative,High,Opinion and account narrative,Service/support,Prime member,General merchandise,Subscription churn risk,"Tie Prime promise, order confidence, and service recovery together.",Yes,"Relative publication timing shown as three days ago."
AMZ-0012,Amazon India,Reddit,India,Community post,Reddit r/amazonindia,https://www.reddit.com/r/amazonindia/comments/1v1v4tt/amazon_cs_completely_broken/,,2026-08-09,,Support and delivery cancellation,"Post alleges a failed delivery attempt, immediate cancellation/refund trigger, and difficulty getting a consistent response from support.",English,Post-purchase,Support access and consistency,Delivery exception,Negative,High,Opinion and account narrative,Service/support,General buyer,General merchandise,Trust and operational cost,"Create a consistent incident timeline across delivery and support.",Yes,"Relative publication timing shown as two weeks ago."
AMZ-0013,Amazon India,Reddit,India,Community post,Reddit r/amazonindia,https://www.reddit.com/r/amazonindia/comments/1t8ah7b/amazon_india_is_stealing_my_money_3_missing_orders_and_now_a_box_of_broken_shards_with_no_support/,,2026-08-09,,Missing orders and missing support,"Post reports multiple missing orders, damaged goods, and loss of access to support chat/call options for an order.",English,Post-purchase,Support access and consistency,Missing/damaged order,Negative,Critical,Opinion and account narrative,Service/support,High-value buyer,General merchandise,Financial loss and severe trust risk,"Keep support access available for unresolved high-severity orders.",Yes,"Relative publication timing shown as three months ago."
AMZ-0014,Amazon India,Reddit,India,Community post,Reddit r/amazonindia,https://www.reddit.com/r/amazonindia/comments/1uxvpsy/amazon_scamming_indians_by_purposely_giving_lesser_refund/,,2026-08-09,,Partial refund after damaged delivery,"Post alleges a broken item and a refund reduced by a processing fee after an open-box delivery.",English,Returns,Refunds and returns,Refund deduction,Negative,High,Opinion and account narrative,Policy/support,High-value buyer,Electronics,Financial loss and fairness concern,"Show refund calculation and dispute path before completion.",Yes,"Relative publication timing shown as three weeks ago."
AMZ-0015,Amazon India,Reddit,India,Community post,Reddit r/amazonindia,https://www.reddit.com/r/amazonindia/comments/1u66l1r/amazon_india_support_gave_me_4_different_answers_for_the_same_return/,,2026-08-09,,Inconsistent return answers,"Post describes conflicting support instructions about self-return, refund eligibility, and parcel status.",English,Returns,Refunds and returns,Policy consistency,Negative,High,Opinion and account narrative,Policy/support,Remote-area buyer,General merchandise,Repeated contacts and delayed resolution,"Give agents and users one visible case policy and next action.",Yes,"Relative publication timing shown as three weeks ago."
AMZ-0016,Amazon India,Reddit,India,Community post,Reddit r/amazonindia,https://www.reddit.com/r/amazonindia/comments/1s36pbv/the_era_of_customerfirst_ecommerce_in_india_is_over/,,2026-08-09,,Declining customer-first perception,"Discussion says Amazon no longer feels as customer-first as before and links the change to delivery, returns, and trust concerns.",English,Multiple,Trust and loyalty,Brand promise,Negative,Medium,Opinion and discussion,Strategy/support,Long-term customer,General merchandise,Advocacy and retention risk,"Measure trust recovery after resolution, not only refund completion.",Yes,"Older discussion used as contextual evidence."
AMZ-0017,Amazon India,Reddit,India,Community post,Reddit r/IndiaTech,https://www.reddit.com/r/IndiaTech/comments/1uujci6/amazon_has_the_worst_ux_out_of_any_shopping_app/,,2026-08-09,,UX and returns discussion,"Discussion criticizes Amazon India UX and returns while acknowledging that user preference varies by category and experience.",English,Discovery,Search and browse,Perceived friction,Negative,Medium,Opinion and discussion,App/product,Experienced shopper,General merchandise,Consideration and preference risk,"Validate with task-based usability testing.",Yes,"Relative publication timing shown as three weeks ago."
AMZ-0018,Amazon India,Trustpilot,India,Review platform,Trustpilot,https://www.trustpilot.com/review/amazon.in,,2026-08-09,,Missing order and customer service,"Public reviews describe missing orders, circular contact paths, and delivery-status discrepancies.",English,Post-purchase,Support access and consistency,Escalation friction,Negative,High,Opinion and account narrative,Service/support,General buyer,General merchandise,Trust and support cost,"Provide clear case ownership and escalation state.",Yes,"Service-level review platform; not app-specific."
AMZ-0019,Amazon India,Reviews.io,India,Review platform,Reviews.io,https://www.reviews.io/company-reviews/store/amazon-india/insights/refund,,2026-08-09,,Refund timing,"Public review snippets describe automatic cancellation and refunds that remain pending or show as complete before money is received.",English,Returns,Refunds and returns,Refund status accuracy,Negative,High,Opinion and account narrative,Payments/support,General buyer,General merchandise,Financial anxiety and repeat contacts,"Show bank-side settlement status and expected date.",Yes,"Service-level review platform; validate against payment data."
AMZ-0020,Amazon India,Android,India,Third-party review aggregation,Chrome-Stats,https://chrome-stats.com/d/in.amazon.mShop.android.shopping/reviews,,2026-08-09,,Positive usability summary,"Aggregator reports many users describe the app as useful and easy to use and praise product quality and convenience.",English,Discovery,Convenience and selection,Core value,Positive,Low,Aggregated secondary summary,App/product,Multiple segments,Multiple categories,Retention and repeat-use signal,"Protect core convenience while fixing exception journeys.",Yes,"Not treated as a raw individual review."
AMZ-0021,Amazon India,Android,India,Third-party review aggregation,Chrome-Stats,https://chrome-stats.com/d/in.amazon.mShop.android.shopping/reviews,,2026-08-09,,Negative theme summary,"Aggregator identifies undelivered orders, refund issues, incorrect deliveries, app failures, and inconsistent support as recurring negative themes.",English,Multiple,Delivery reliability,Aggregate themes,Negative,High,Aggregated secondary summary,Unknown,Multiple segments,Multiple categories,Directional prioritization signal,"Validate with primary review coding and internal metrics.",Yes,"Not treated as a raw individual review."
AMZ-0022,Amazon India,iOS App Store,India,App Store listing,Apple App Store,https://apps.apple.com/in/app/amazon-india-shop-pay-minitv/id1478350915,,2026-08-09,,Feature promise,"Official listing promises faster refunds, easy returns, order tracking, COD, Amazon Pay/UPI, and 24x7 support.",English,Multiple,Convenience and selection,Promise versus experience,Positive,Low,Product documentation,App/product,Multiple segments,Multiple categories,Expectation gap if experience diverges,"Track promise-to-experience gaps as a product metric.",Yes,"Capability description used only for journey context."
